-- MySQL Script generated by MySQL Workbench
-- Sat Aug 20 18:33:39 2022
-- Model: New Model    Version: 1.0
-- MySQL Workbench Forward Engineering

SET @OLD_UNIQUE_CHECKS=@@UNIQUE_CHECKS, UNIQUE_CHECKS=0;
SET @OLD_FOREIGN_KEY_CHECKS=@@FOREIGN_KEY_CHECKS, FOREIGN_KEY_CHECKS=0;
SET @OLD_SQL_MODE=@@SQL_MODE, SQL_MODE='ONLY_FULL_GROUP_BY,STRICT_TRANS_TABLES,NO_ZERO_IN_DATE,NO_ZERO_DATE,ERROR_FOR_DIVISION_BY_ZERO,NO_ENGINE_SUBSTITUTION';

-- -----------------------------------------------------
-- Schema Escuela
-- -----------------------------------------------------
DROP SCHEMA IF EXISTS `Escuela` ;

-- -----------------------------------------------------
-- Schema Escuela
-- -----------------------------------------------------
CREATE SCHEMA IF NOT EXISTS `Escuela` DEFAULT CHARACTER SET utf8 ;
USE `Escuela` ;

-- -----------------------------------------------------
-- Table `Escuela`.`Genero`
-- -----------------------------------------------------
DROP TABLE IF EXISTS `Genero`;

CREATE TABLE IF NOT EXISTS `Escuela`.`Genero` (
  `idGenero` INT NOT NULL,
  `genero` VARCHAR(45) NOT NULL,
  PRIMARY KEY (`idGenero`))
ENGINE = InnoDB;

-- -----------------------------------------------------
-- Table `Escuela`.`Asistencia`
-- -----------------------------------------------------
DROP TABLE IF EXISTS `Asistencia`;

CREATE TABLE IF NOT EXISTS `escuela`.`Asistencia` (
  `idAsistencia` INT NOT NULL,
  `idEstudiante` INT NOT NULL,
  `asistencia` varchar(45) NULL,
  PRIMARY KEY (`idAsistencia`))
ENGINE = InnoDB;

-- -----------------------------------------------------
-- Table `Escuela`.`Colegiatura`
-- -----------------------------------------------------
DROP TABLE IF EXISTS `Colegiatura`;

CREATE TABLE IF NOT EXISTS `escuela`.`Colegiatura` (
  `idColegiatura` INT NOT NULL,
  `monto` varchar(45) NULL,
  `mes` varchar(45) NULL,
  `pagado` varchar(45) NULL,
  PRIMARY KEY (`idColegiatura`))
ENGINE = InnoDB;

-- -----------------------------------------------------
-- Table `Escuela`.`Trabajos`
-- -----------------------------------------------------

DROP TABLE IF EXISTS `Trabajos`;

CREATE TABLE IF NOT EXISTS `escuela`.`Trabajos` (
  `idTrabajos` INT NOT NULL,
  `idEstudiante` INT NOT NULL,
  `tipo` varchar(45) null,
  `Estatus` varchar(45) NULL,
  `Calificación` varchar(45) NULL,
  PRIMARY KEY (`idTrabajos`))
ENGINE = InnoDB;

-- -----------------------------------------------------
-- Table `Escuela`.`OfertaEducativa`
-- -----------------------------------------------------

DROP TABLE IF EXISTS `OfertaEducativa`;

CREATE TABLE IF NOT EXISTS `escuela`.`OfertaEducativa` (
  `idOfertaEducativa` INT NOT NULL,
  PRIMARY KEY (`idOfertaEducativa`))
ENGINE = InnoDB;

-- -----------------------------------------------------
-- Table `Escuela`.`Usuarios`
-- -----------------------------------------------------

DROP TABLE IF EXISTS `Usuarios`;

CREATE TABLE IF NOT EXISTS `escuela`.`Usuarios` (
  `idUsuarios` INT NOT NULL,
  `idProfesor` INT NOT NULL,
  `Contraseña` varchar(45) null,
  `Tipo` varchar(45) NULL,
  PRIMARY KEY (`idUsuarios`))
ENGINE = InnoDB;

-- -----------------------------------------------------
-- Table `Escuela`.`Tutores`
-- -----------------------------------------------------

DROP TABLE IF EXISTS `Tutores`;

CREATE TABLE IF NOT EXISTS `escuela`.`Tutores` (
  `idTutores` INT NOT NULL,
  `apellido` varchar(45) NULL,
  `nombre` varchar(45) NULL,
  `parentesco` varchar(45) null,
  `telefono` varchar(45) null,
  PRIMARY KEY (`idTutores`))
ENGINE = InnoDB;
-- -----------------------------------------------------
-- Table `Escuela`.`Estudiante`
-- -----------------------------------------------------
DROP TABLE IF EXISTS `Estudiante`;

CREATE TABLE IF NOT EXISTS `Escuela`.`Estudiante` (
  `idEstudiante` INT NOT NULL,
  `apellido` VARCHAR(45) NOT NULL,
  `nombre` VARCHAR(45) NOT NULL,
  `edad` VARCHAR(45) NOT NULL,
  `telefono` VARCHAR(45) NOT NULL,
  `fechaNacimiento` DATE NOT NULL,
  `fechaIngreso` DATE NOT NULL,
  `idGenero` INT NOT NULL,
  PRIMARY KEY (`idEstudiante`),
  CONSTRAINT `idGenero`
    FOREIGN KEY (`idGenero`)
    REFERENCES `Escuela`.`Genero` (`idGenero`)
    ON DELETE NO ACTION
    ON UPDATE NO ACTION)
ENGINE = InnoDB;

CREATE INDEX `idGenero_idx` ON `Escuela`.`Estudiante` (`idGenero` ASC) VISIBLE;


-- -----------------------------------------------------
-- Table `Escuela`.`Profesor`
-- -----------------------------------------------------
DROP TABLE IF EXISTS `Profesor`;

CREATE TABLE IF NOT EXISTS `Escuela`.`Profesor` (
  `idProfesor` INT NOT NULL,
  `apellido` VARCHAR(45) NOT NULL,
  `nombre` VARCHAR(45) NOT NULL,
  `correo` VARCHAR(45) NOT NULL,
  `edad` VARCHAR(45) NOT NULL,
  PRIMARY KEY (`idProfesor`))
ENGINE = InnoDB;


-- -----------------------------------------------------
-- Table `Escuela`.`Aula`
-- -----------------------------------------------------
DROP TABLE IF EXISTS `Aula`;

CREATE TABLE IF NOT EXISTS `Escuela`.`Aula` (
  `idAula` INT NOT NULL,
  `numero` VARCHAR(45) NOT NULL,
  PRIMARY KEY (`idAula`))
ENGINE = InnoDB;



-- -----------------------------------------------------
-- Table `Escuela`.`Pagos`
-- -----------------------------------------------------
DROP TABLE IF EXISTS `Pagos`;

CREATE TABLE IF NOT EXISTS `Escuela`.`Pagos` (
  `idPagos` INT NOT NULL,
  `fecha` date NOT NULL,
  `idProfesor` int not null,
  `hora` time not null,
  `salario` varchar(45) not null,
  PRIMARY KEY (`idPagos`))
ENGINE = InnoDB;

-- -----------------------------------------------------
-- Table `Escuela`.`Jornada`
-- -----------------------------------------------------
DROP TABLE IF EXISTS `Jornada`;

CREATE TABLE IF NOT EXISTS `Escuela`.`Jornada` (
  `idJornada` INT NOT NULL,
  `jornada` VARCHAR(45) NOT NULL,
  `horaInicio` TIME NOT NULL,
  `horaFin` TIME NOT NULL,
  PRIMARY KEY (`idJornada`))
ENGINE = InnoDB;


-- -----------------------------------------------------
-- Table `Escuela`.`Cursos`
-- -----------------------------------------------------
DROP TABLE IF EXISTS `Cursos`;

CREATE TABLE IF NOT EXISTS `Escuela`.`Cursos` (
  `idCursos` INT NOT NULL,
  `curso` VARCHAR(45) NOT NULL,
  PRIMARY KEY (`idCursos`))
ENGINE = InnoDB;


-- -----------------------------------------------------
-- Table `Escuela`.`Curso`
-- -----------------------------------------------------
DROP TABLE IF EXISTS `Curso`;

CREATE TABLE IF NOT EXISTS `Escuela`.`Curso` (
  `idCurso` INT NOT NULL,
  `idCrursos` INT NOT NULL,
  `seccion` VARCHAR(45) NOT NULL,
  `idProfesor` INT NOT NULL,
  `idJornada` INT NOT NULL,
  `idAula` INT NOT NULL,
  `fechaInicio` DATE NOT NULL,
  `fechaFin` DATE NOT NULL,
  PRIMARY KEY (`idCurso`),
  CONSTRAINT `idAula`
    FOREIGN KEY (`idAula`)
    REFERENCES `Escuela`.`Aula` (`idAula`)
    ON DELETE NO ACTION
    ON UPDATE NO ACTION,
  CONSTRAINT `idProfesor`
    FOREIGN KEY (`idProfesor`)
    REFERENCES `Escuela`.`Profesor` (`idProfesor`)
    ON DELETE NO ACTION
    ON UPDATE NO ACTION,
  CONSTRAINT `idJornada`
    FOREIGN KEY (`idJornada`)
    REFERENCES `Escuela`.`Jornada` (`idJornada`)
    ON DELETE NO ACTION
    ON UPDATE NO ACTION,
  CONSTRAINT `idCursos`
    FOREIGN KEY (`idCrursos`)
    REFERENCES `Escuela`.`Cursos` (`idCursos`)
    ON DELETE NO ACTION
    ON UPDATE NO ACTION)
ENGINE = InnoDB;

CREATE INDEX `idAula_idx` ON `Escuela`.`Curso` (`idAula` ASC) VISIBLE;

CREATE INDEX `idProfesor_idx` ON `Escuela`.`Curso` (`idProfesor` ASC) VISIBLE;

CREATE INDEX `idJornada_idx` ON `Escuela`.`Curso` (`idJornada` ASC) VISIBLE;

CREATE INDEX `idCursos_idx` ON `Escuela`.`Curso` (`idCrursos` ASC) VISIBLE;


-- -----------------------------------------------------
-- Table `Escuela`.`Matricula`
-- -----------------------------------------------------
DROP TABLE IF EXISTS `Matricula`;

CREATE TABLE IF NOT EXISTS `Escuela`.`Matricula` (
  `idMatricula` INT NOT NULL,
  `idCurso` INT NOT NULL,
  `idEstudiante` INT NOT NULL,
  `fecha` DATE NOT NULL,
  `hora` TIME NOT NULL,
  PRIMARY KEY (`idMatricula`),
  CONSTRAINT `idEstudiante`
    FOREIGN KEY (`idEstudiante`)
    REFERENCES `Escuela`.`Estudiante` (`idEstudiante`)
    ON DELETE NO ACTION
    ON UPDATE NO ACTION,
  CONSTRAINT `idCurso`
    FOREIGN KEY (`idCurso`)
    REFERENCES `Escuela`.`Curso` (`idCurso`)
    ON DELETE NO ACTION
    ON UPDATE NO ACTION)
ENGINE = InnoDB;

CREATE INDEX `idEstudiante_idx` ON `Escuela`.`Matricula` (`idEstudiante` ASC) VISIBLE;

CREATE INDEX `idCurso_idx` ON `Escuela`.`Matricula` (`idCurso` ASC) VISIBLE;


SET SQL_MODE=@OLD_SQL_MODE;
SET FOREIGN_KEY_CHECKS=@OLD_FOREIGN_KEY_CHECKS;
SET UNIQUE_CHECKS=@OLD_UNIQUE_CHECKS;

-- -----------------------------------------------------
-- Infomación
-- -----------------------------------------------------
insert  into `ofertaeducativa`(`idOfertaEducativa`) values (1);
insert  into `ofertaeducativa`(`idOfertaEducativa`) values (2);
insert  into `ofertaeducativa`(`idOfertaEducativa`) values (3);
insert  into `ofertaeducativa`(`idOfertaEducativa`) values (4);
insert  into `ofertaeducativa`(`idOfertaEducativa`) values (5);
insert  into `ofertaeducativa`(`idOfertaEducativa`) values (6);
insert  into `ofertaeducativa`(`idOfertaEducativa`) values (7);
insert  into `ofertaeducativa`(`idOfertaEducativa`) values (8);
insert  into `ofertaeducativa`(`idOfertaEducativa`) values (9);
insert  into `ofertaeducativa`(`idOfertaEducativa`) values (10);
insert  into `ofertaeducativa`(`idOfertaEducativa`) values (11);
insert  into `ofertaeducativa`(`idOfertaEducativa`) values (12);
insert  into `ofertaeducativa`(`idOfertaEducativa`) values (13);
insert  into `ofertaeducativa`(`idOfertaEducativa`) values (14);
insert  into `ofertaeducativa`(`idOfertaEducativa`) values (15);
insert  into `ofertaeducativa`(`idOfertaEducativa`) values (16);
insert  into `ofertaeducativa`(`idOfertaEducativa`) values (17);
insert  into `ofertaeducativa`(`idOfertaEducativa`) values (18);
insert  into `ofertaeducativa`(`idOfertaEducativa`) values (19);
insert  into `ofertaeducativa`(`idOfertaEducativa`) values (20);
select * from ofertaeducativa;


insert  into `colegiatura`(`idColegiatura`, `monto`, `mes`, `pagado`) values (1, '$5000','Diciembre', '$416');
insert  into `colegiatura`(`idColegiatura`, `monto`, `mes`, `pagado`) values (2, '$5000','Diciembre', '$816');
insert  into `colegiatura`(`idColegiatura`, `monto`, `mes`, `pagado`) values (3, '$5000','Diciembre', '$416');
insert  into `colegiatura`(`idColegiatura`, `monto`, `mes`, `pagado`) values (4, '$5000','Diciembre', '$816');
insert  into `colegiatura`(`idColegiatura`, `monto`, `mes`, `pagado`) values (5, '$5000','Diciembre', '$416');
insert  into `colegiatura`(`idColegiatura`, `monto`, `mes`, `pagado`) values (6, '$5000','Diciembre', '$316');
insert  into `colegiatura`(`idColegiatura`, `monto`, `mes`, `pagado`) values (7, '$5000','Diciembre', '$416');
insert  into `colegiatura`(`idColegiatura`, `monto`, `mes`, `pagado`) values (8, '$5000','Diciembre', '$416');
insert  into `colegiatura`(`idColegiatura`, `monto`, `mes`, `pagado`) values (9, '$5000','Diciembre', '$616');
insert  into `colegiatura`(`idColegiatura`, `monto`, `mes`, `pagado`) values (10, '$5000','Diciembre','$716');
insert  into `colegiatura`(`idColegiatura`, `monto`, `mes`, `pagado`) values (11, '$5000','Diciembre', '2416');
insert  into `colegiatura`(`idColegiatura`, `monto`, `mes`, `pagado`) values (12, '$5000','Diciembre', '5416');
insert  into `colegiatura`(`idColegiatura`, `monto`, `mes`, `pagado`) values (13, '$5000','Diciembre', '$416');
insert  into `colegiatura`(`idColegiatura`, `monto`, `mes`, `pagado`) values (14, '$5000','Diciembre', '$616');
insert  into `colegiatura`(`idColegiatura`, `monto`, `mes`, `pagado`) values (15, '$5000','Diciembre', '$716');
insert  into `colegiatura`(`idColegiatura`, `monto`, `mes`, `pagado`) values (16, '$5000','Diciembre', '$4116');
insert  into `colegiatura`(`idColegiatura`, `monto`, `mes`, `pagado`) values (17, '$5000','Diciembre', '$416');
insert  into `colegiatura`(`idColegiatura`, `monto`, `mes`, `pagado`) values (18, '$5000','Diciembre', '$816');
insert  into `colegiatura`(`idColegiatura`, `monto`, `mes`, `pagado`) values (19, '$5000','Diciembre', '2416');
insert  into `colegiatura`(`idColegiatura`, `monto`, `mes`, `pagado`) values (20, '$5000','Diciembre','$616');
select * from colegiatura;


insert  into `Genero`(`idGenero`, `genero`) values (1, 'Masculino');
insert  into `Genero`(`idGenero`, `genero`) values (2, 'Femenino');
insert  into `Genero`(`idGenero`, `genero`) values (3, 'Femenino');
insert  into `Genero`(`idGenero`, `genero`) values (4, 'Masculino');
insert  into `Genero`(`idGenero`, `genero`) values (5, 'Femenino');
insert  into `Genero`(`idGenero`, `genero`) values (6, 'Femenino');
insert  into `Genero`(`idGenero`, `genero`) values (7, 'Masculino');
insert  into `Genero`(`idGenero`, `genero`) values (8, 'Femenino');
insert  into `Genero`(`idGenero`, `genero`) values (9, 'Masculino');
insert  into `Genero`(`idGenero`, `genero`) values (10, 'Femenino');
insert  into `Genero`(`idGenero`, `genero`) values (11, 'Masculino');
insert  into `Genero`(`idGenero`, `genero`) values (12, 'Femenino');
insert  into `Genero`(`idGenero`, `genero`) values (13, 'Femenino');
insert  into `Genero`(`idGenero`, `genero`) values (14, 'Masculino');
insert  into `Genero`(`idGenero`, `genero`) values (15, 'Femenino');
insert  into `Genero`(`idGenero`, `genero`) values (16, 'Femenino');
insert  into `Genero`(`idGenero`, `genero`) values (17, 'Masculino');
insert  into `Genero`(`idGenero`, `genero`) values (18, 'Femenino');
insert  into `Genero`(`idGenero`, `genero`) values (19, 'Masculino');
insert  into `Genero`(`idGenero`, `genero`) values (20, 'Femenino');
select * from Genero;


insert  into `Aula`(`idAula`, `numero`) values (1, '101');
insert  into `Aula`(`idAula`, `numero`) values (2, '102');
insert  into `Aula`(`idAula`, `numero`) values (3, '103');
insert  into `Aula`(`idAula`, `numero`) values (4, '104');
insert  into `Aula`(`idAula`, `numero`) values (5, '105');
insert  into `Aula`(`idAula`, `numero`) values (6, '106');
insert  into `Aula`(`idAula`, `numero`) values (7, '107');
insert  into `Aula`(`idAula`, `numero`) values (8, '108');
insert  into `Aula`(`idAula`, `numero`) values (9, '109');
insert  into `Aula`(`idAula`, `numero`) values (10, '110');
insert  into `Aula`(`idAula`, `numero`) values (11, '111');
insert  into `Aula`(`idAula`, `numero`) values (12, '112');
insert  into `Aula`(`idAula`, `numero`) values (13, '113');
insert  into `Aula`(`idAula`, `numero`) values (14, '114');
insert  into `Aula`(`idAula`, `numero`) values (15, '115');
insert  into `Aula`(`idAula`, `numero`) values (16, '116');
insert  into `Aula`(`idAula`, `numero`) values (17, '117');
insert  into `Aula`(`idAula`, `numero`) values (18, '118');
insert  into `Aula`(`idAula`, `numero`) values (19, '119');
insert  into `Aula`(`idAula`, `numero`) values (20, '120');
select * from Aula;


insert  into `Cursos`(`idCursos`, `curso`) values (1, '1A');
insert  into `Cursos`(`idCursos`, `curso`) values (2, '1B');
insert  into `Cursos`(`idCursos`, `curso`) values (3, '2A');
insert  into `Cursos`(`idCursos`, `curso`) values (4, '2B');
insert  into `Cursos`(`idCursos`, `curso`) values (5, '3A');
insert  into `Cursos`(`idCursos`, `curso`) values (6, '3B');
insert  into `Cursos`(`idCursos`, `curso`) values (7, '4A');
insert  into `Cursos`(`idCursos`, `curso`) values (8, '4C');
insert  into `Cursos`(`idCursos`, `curso`) values (9, '5A');
insert  into `Cursos`(`idCursos`, `curso`) values (10, '5B');
insert  into `Cursos`(`idCursos`, `curso`) values (11, '1G');
insert  into `Cursos`(`idCursos`, `curso`) values (12, '1T');
insert  into `Cursos`(`idCursos`, `curso`) values (13, '2G');
insert  into `Cursos`(`idCursos`, `curso`) values (14, '2S');
insert  into `Cursos`(`idCursos`, `curso`) values (15, '3G');
insert  into `Cursos`(`idCursos`, `curso`) values (16, '3H');
insert  into `Cursos`(`idCursos`, `curso`) values (17, '4H');
insert  into `Cursos`(`idCursos`, `curso`) values (18, '4D');
insert  into `Cursos`(`idCursos`, `curso`) values (19, '5E');
insert  into `Cursos`(`idCursos`, `curso`) values (20, '5T');
select * from Cursos;


insert  into `Jornada`(`idJornada`, `jornada`, `horaInicio`, `horaFin`) values (1, 'Matutina', '07:00:00', '12:00:00');
insert  into `Jornada`(`idJornada`, `jornada`, `horaInicio`, `horaFin`) values (2, 'Vespertina', '12:30:00', '17:15:00');
insert  into `Jornada`(`idJornada`, `jornada`, `horaInicio`, `horaFin`) values (3, 'Vespertina', '12:30:00', '17:15:00');
insert  into `Jornada`(`idJornada`, `jornada`, `horaInicio`, `horaFin`) values (4, 'Matutina', '07:00:00', '12:00:00');
insert  into `Jornada`(`idJornada`, `jornada`, `horaInicio`, `horaFin`) values (5, 'Vespertina', '12:30:00', '05:15:00');
insert  into `Jornada`(`idJornada`, `jornada`, `horaInicio`, `horaFin`) values (6, 'vespertina', '12:30:00', '17:15:00');
insert  into `Jornada`(`idJornada`, `jornada`, `horaInicio`, `horaFin`) values (7, 'Matutina', '07:00:00', '12:00:00');
insert  into `Jornada`(`idJornada`, `jornada`, `horaInicio`, `horaFin`) values (8, 'Matutina', '07:00:00', '12:00:00');
insert  into `Jornada`(`idJornada`, `jornada`, `horaInicio`, `horaFin`) values (9, 'vespertina', '12:30:00', '17:15:00');
insert  into `Jornada`(`idJornada`, `jornada`, `horaInicio`, `horaFin`) values (10, 'matutina', '07:00:00', '12:00:00');
insert  into `Jornada`(`idJornada`, `jornada`, `horaInicio`, `horaFin`) values (11, 'Matutina', '07:00:00', '12:00:00');
insert  into `Jornada`(`idJornada`, `jornada`, `horaInicio`, `horaFin`) values (12, 'Vespertina', '12:30:00', '17:15:00');
insert  into `Jornada`(`idJornada`, `jornada`, `horaInicio`, `horaFin`) values (13, 'Vespertina', '12:30:00', '17:15:00');
insert  into `Jornada`(`idJornada`, `jornada`, `horaInicio`, `horaFin`) values (14, 'Matutina', '07:00:00', '12:00:00');
insert  into `Jornada`(`idJornada`, `jornada`, `horaInicio`, `horaFin`) values (15, 'Vespertina', '12:30:00', '05:15:00');
insert  into `Jornada`(`idJornada`, `jornada`, `horaInicio`, `horaFin`) values (16, 'vespertina', '12:30:00', '17:15:00');
insert  into `Jornada`(`idJornada`, `jornada`, `horaInicio`, `horaFin`) values (17, 'Matutina', '07:00:00', '12:00:00');
insert  into `Jornada`(`idJornada`, `jornada`, `horaInicio`, `horaFin`) values (18, 'Matutina', '07:00:00', '12:00:00');
insert  into `Jornada`(`idJornada`, `jornada`, `horaInicio`, `horaFin`) values (19, 'vespertina', '12:30:00', '17:15:00');
insert  into `Jornada`(`idJornada`, `jornada`, `horaInicio`, `horaFin`) values (20, 'matutina', '07:00:00', '12:00:00');
select * from Jornada;


insert into `profesor`(`idProfesor`,`apellido`,`nombre`,`correo`,`edad`)  values (1,'Perez', 'Carlos','carlosperez56@gmail.com','54');
insert into `profesor`(`idProfesor`,`apellido`,`nombre`,`correo`,`edad`)  values (2,'Castillo', 'Ricardo','castilloricardo20@gmail.com','35');
insert into `profesor`(`idProfesor`,`apellido`,`nombre`,`correo`,`edad`)  values (3,'Garcia', 'Maria','mariagarcia230@gmail.com','44');
insert into `profesor`(`idProfesor`,`apellido`,`nombre`,`correo`,`edad`)  values (4,'Ruiz', 'Carmen','cruizcarmen495@gmail.com','30');
insert into `profesor`(`idProfesor`,`apellido`,`nombre`,`correo`,`edad`)  values (5,'Castillo', 'Carlos','carloscastillo34@gmail.com','50');
insert into `profesor`(`idProfesor`,`apellido`,`nombre`,`correo`,`edad`)  values (6,'Fabrega', 'Ernesto','ErnestoFabrega424gmail.com','40');
insert into `profesor`(`idProfesor`,`apellido`,`nombre`,`correo`,`edad`)  values (7,'Escobar', 'Rosa','escobarosa32@gmail.com','48');
insert into `profesor`(`idProfesor`,`apellido`,`nombre`,`correo`,`edad`)  values (8,'Meneses', 'alisson','alissonmeneses234@gmail.com','30');
insert into `profesor`(`idProfesor`,`apellido`,`nombre`,`correo`,`edad`)  values (9,'Galvez', 'Francisco','franciscogalvez324@gmail.com','55');
insert into `profesor`(`idProfesor`,`apellido`,`nombre`,`correo`,`edad`)  values (10,'Lucena', 'Maria','marialucena323@gmail.com','35');
insert into `profesor`(`idProfesor`,`apellido`,`nombre`,`correo`,`edad`)  values (11,'Mena', 'Carlos','carlosmena46@gmail.com','54');
insert into `profesor`(`idProfesor`,`apellido`,`nombre`,`correo`,`edad`)  values (12,'Marte', 'Ricardo','martericardo20@gmail.com','35');
insert into `profesor`(`idProfesor`,`apellido`,`nombre`,`correo`,`edad`)  values (13,'Garcia', 'Jesus','jesusgarcia230@gmail.com','44');
insert into `profesor`(`idProfesor`,`apellido`,`nombre`,`correo`,`edad`)  values (14,'Ruiz', '	Cesar','cesarruiz95@gmail.com','30');
insert into `profesor`(`idProfesor`,`apellido`,`nombre`,`correo`,`edad`)  values (15,'Castillo', 'Carlos','carloscastillo34@gmail.com','50');
insert into `profesor`(`idProfesor`,`apellido`,`nombre`,`correo`,`edad`)  values (16,'Fabre', 'Ernesto','ErnestoFabre24gmail.com','40');
insert into `profesor`(`idProfesor`,`apellido`,`nombre`,`correo`,`edad`)  values (17,'Escobar', 'Ernesto','escobarernesto2@gmail.com','48');
insert into `profesor`(`idProfesor`,`apellido`,`nombre`,`correo`,`edad`)  values (18,'Meneses', 'Oliver','olivermeneses24@gmail.com','30');
insert into `profesor`(`idProfesor`,`apellido`,`nombre`,`correo`,`edad`)  values (19,'Galvez', 'Katy','Katygalvez324@gmail.com','55');
insert into `profesor`(`idProfesor`,`apellido`,`nombre`,`correo`,`edad`)  values (20,'Perez', 'Maria','mariaperez23@gmail.com','35');
select * from profesor;


insert into `estudiante`(`idEstudiante`,`apellido`,`nombre`,`edad`,`telefono`,`fechaNacimiento`,`fechaIngreso`,`idGenero`)  values (1,'Castillo', 'Carlos','10','54-434353','2012-04-04','2022-01-06','1');
insert into `estudiante`(`idEstudiante`,`apellido`,`nombre`,`edad`,`telefono`,`fechaNacimiento`,`fechaIngreso`,`idGenero`)  values (2,'Perez', 'Maria','09','54-349955','2013-05-04','2022-01-06','2');
insert into `estudiante`(`idEstudiante`,`apellido`,`nombre`,`edad`,`telefono`,`fechaNacimiento`,`fechaIngreso`,`idGenero`)  values (3,'Ruiz', 'Vanesa','10','54-349955','2012-07-04','2022-01-06','3');
insert into `estudiante`(`idEstudiante`,`apellido`,`nombre`,`edad`,`telefono`,`fechaNacimiento`,`fechaIngreso`,`idGenero`)  values (4,'Fabrega', 'Michael','10','54-349955','2012-04-04','2022-01-06','4');
insert into `estudiante`(`idEstudiante`,`apellido`,`nombre`,`edad`,`telefono`,`fechaNacimiento`,`fechaIngreso`,`idGenero`)  values (5,'Ernandes', 'alisson','10','54-324536','2012-05-04','2022-01-06','5');
insert into `estudiante`(`idEstudiante`,`apellido`,`nombre`,`edad`,`telefono`,`fechaNacimiento`,`fechaIngreso`,`idGenero`)  values (6,'Wong', 'Marta','09','54-856345','2013-06-15','2022-01-06','6');
insert into `estudiante`(`idEstudiante`,`apellido`,`nombre`,`edad`,`telefono`,`fechaNacimiento`,`fechaIngreso`,`idGenero`)  values (7,'Castillo', 'Michael','09','54-493596','2013-02-02','2022-01-06','7');
insert into `estudiante`(`idEstudiante`,`apellido`,`nombre`,`edad`,`telefono`,`fechaNacimiento`,`fechaIngreso`,`idGenero`)  values (8,'Escobar', 'Rosa','10','54-9568213','2012-12-10','2022-01-06','8');
insert into `estudiante`(`idEstudiante`,`apellido`,`nombre`,`edad`,`telefono`,`fechaNacimiento`,`fechaIngreso`,`idGenero`)  values (9,'Galvez', 'Fernando','10','54-349955','2012-09-01','2022-01-06','9');
insert into `estudiante`(`idEstudiante`,`apellido`,`nombre`,`edad`,`telefono`,`fechaNacimiento`,`fechaIngreso`,`idGenero`)  values (10,'Fernandez', 'Milagros','09','54-345755','2013-11-20','2022-01-06','10');
insert into `estudiante`(`idEstudiante`,`apellido`,`nombre`,`edad`,`telefono`,`fechaNacimiento`,`fechaIngreso`,`idGenero`)  values (11,'Castillo', 'Maria','10','54-434353','2012-04-04','2022-01-06','1');
insert into `estudiante`(`idEstudiante`,`apellido`,`nombre`,`edad`,`telefono`,`fechaNacimiento`,`fechaIngreso`,`idGenero`)  values (12,'Perez', 'Carlos','09','54-349955','2013-05-04','2022-01-06','2');
insert into `estudiante`(`idEstudiante`,`apellido`,`nombre`,`edad`,`telefono`,`fechaNacimiento`,`fechaIngreso`,`idGenero`)  values (13,'Ruiz', 'Michael','10','54-349955','2012-07-04','2022-01-06','3');
insert into `estudiante`(`idEstudiante`,`apellido`,`nombre`,`edad`,`telefono`,`fechaNacimiento`,`fechaIngreso`,`idGenero`)  values (14,'Fabrega', 'Vanesa','10','54-349955','2012-04-04','2022-01-06','4');
insert into `estudiante`(`idEstudiante`,`apellido`,`nombre`,`edad`,`telefono`,`fechaNacimiento`,`fechaIngreso`,`idGenero`)  values (15,'Ernandes', 'Marta','10','54-324536','2012-05-04','2022-01-06','5');
insert into `estudiante`(`idEstudiante`,`apellido`,`nombre`,`edad`,`telefono`,`fechaNacimiento`,`fechaIngreso`,`idGenero`)  values (16,'Wong', 'Alisson','09','54-856345','2013-06-15','2022-01-06','6');
insert into `estudiante`(`idEstudiante`,`apellido`,`nombre`,`edad`,`telefono`,`fechaNacimiento`,`fechaIngreso`,`idGenero`)  values (17,'Castillo', 'Gustavo','09','54-493596','2013-02-02','2022-01-06','7');
insert into `estudiante`(`idEstudiante`,`apellido`,`nombre`,`edad`,`telefono`,`fechaNacimiento`,`fechaIngreso`,`idGenero`)  values (18,'Escobar', 'Milagros','10','54-9568213','2012-12-10','2022-01-06','8');
insert into `estudiante`(`idEstudiante`,`apellido`,`nombre`,`edad`,`telefono`,`fechaNacimiento`,`fechaIngreso`,`idGenero`)  values (19,'Galvez', 'Marta','10','54-349955','2012-09-01','2022-01-06','9');
insert into `estudiante`(`idEstudiante`,`apellido`,`nombre`,`edad`,`telefono`,`fechaNacimiento`,`fechaIngreso`,`idGenero`)  values (20,'Fernandez', 'Pedro','09','54-345755','2013-11-20','2022-01-06','10');
select * from estudiante;


insert into `curso`(`idCurso`,`idCrursos`,`seccion`,`idProfesor`,`idJornada`,`idAula`,`fechaInicio`,`fechaFin`)  values (1,'1','Español','1','1','1','2022-02-01','2022-12-05');
insert into `curso`(`idCurso`,`idCrursos`,`seccion`,`idProfesor`,`idJornada`,`idAula`,`fechaInicio`,`fechaFin`)  values (2,'2','Matematica','2','2','2','2022-02-01','2022-12-05');
insert into `curso`(`idCurso`,`idCrursos`,`seccion`,`idProfesor`,`idJornada`,`idAula`,`fechaInicio`,`fechaFin`)  values (3,'3','Historia','3','3','3','2022-02-01','2022-12-05');
insert into `curso`(`idCurso`,`idCrursos`,`seccion`,`idProfesor`,`idJornada`,`idAula`,`fechaInicio`,`fechaFin`)  values (4,'4','Civica','4','4','4','2022-02-01','2022-12-05');
insert into `curso`(`idCurso`,`idCrursos`,`seccion`,`idProfesor`,`idJornada`,`idAula`,`fechaInicio`,`fechaFin`)  values (5,'5','Geografia','5','5','5','2022-02-01','2022-12-05');
insert into `curso`(`idCurso`,`idCrursos`,`seccion`,`idProfesor`,`idJornada`,`idAula`,`fechaInicio`,`fechaFin`)  values (6,'6','Ed.Fusica','6','6','6','2022-02-01','2022-12-05');
insert into `curso`(`idCurso`,`idCrursos`,`seccion`,`idProfesor`,`idJornada`,`idAula`,`fechaInicio`,`fechaFin`)  values (7,'7','Ingles','7','7','7','2022-02-01','2022-12-05');
insert into `curso`(`idCurso`,`idCrursos`,`seccion`,`idProfesor`,`idJornada`,`idAula`,`fechaInicio`,`fechaFin`)  values (8,'8','Religion','8','8','8','2022-02-01','2022-12-05');
insert into `curso`(`idCurso`,`idCrursos`,`seccion`,`idProfesor`,`idJornada`,`idAula`,`fechaInicio`,`fechaFin`)  values (9,'9','Artistica','9','9','9','2022-02-01','2022-12-05');
insert into `curso`(`idCurso`,`idCrursos`,`seccion`,`idProfesor`,`idJornada`,`idAula`,`fechaInicio`,`fechaFin`)  values (10,'10','Ciencias.S','10','10','10','2022-02-01','2022-12-05');
insert into `curso`(`idCurso`,`idCrursos`,`seccion`,`idProfesor`,`idJornada`,`idAula`,`fechaInicio`,`fechaFin`)  values (11,'11','Español','11','11','11','2022-02-01','2022-12-05');
insert into `curso`(`idCurso`,`idCrursos`,`seccion`,`idProfesor`,`idJornada`,`idAula`,`fechaInicio`,`fechaFin`)  values (12,'12','Matematica','12','12','12','2022-02-01','2022-12-05');
insert into `curso`(`idCurso`,`idCrursos`,`seccion`,`idProfesor`,`idJornada`,`idAula`,`fechaInicio`,`fechaFin`)  values (13,'13','Historia','13','13','13','2022-02-01','2022-12-05');
insert into `curso`(`idCurso`,`idCrursos`,`seccion`,`idProfesor`,`idJornada`,`idAula`,`fechaInicio`,`fechaFin`)  values (14,'14','Civica','14','14','14','2022-02-01','2022-12-05');
insert into `curso`(`idCurso`,`idCrursos`,`seccion`,`idProfesor`,`idJornada`,`idAula`,`fechaInicio`,`fechaFin`)  values (15,'15','Geografia','15','15','15','2022-02-01','2022-12-05');
insert into `curso`(`idCurso`,`idCrursos`,`seccion`,`idProfesor`,`idJornada`,`idAula`,`fechaInicio`,`fechaFin`)  values (16,'16','Ed.Fusica','16','16','16','2022-02-01','2022-12-05');
insert into `curso`(`idCurso`,`idCrursos`,`seccion`,`idProfesor`,`idJornada`,`idAula`,`fechaInicio`,`fechaFin`)  values (17,'17','Ingles','17','17','17','2022-02-01','2022-12-05');
insert into `curso`(`idCurso`,`idCrursos`,`seccion`,`idProfesor`,`idJornada`,`idAula`,`fechaInicio`,`fechaFin`)  values (18,'18','Religion','18','18','18','2022-02-01','2022-12-05');
insert into `curso`(`idCurso`,`idCrursos`,`seccion`,`idProfesor`,`idJornada`,`idAula`,`fechaInicio`,`fechaFin`)  values (19,'19','Artistica','19','19','19','2022-02-01','2022-12-05');
insert into `curso`(`idCurso`,`idCrursos`,`seccion`,`idProfesor`,`idJornada`,`idAula`,`fechaInicio`,`fechaFin`)  values (20,'20','Ciencias.S','20','20','20','2022-02-01','2022-12-05');
select * from curso;


insert into `matricula`(`idMatricula`,`idCurso`,`idEstudiante`,`fecha`,`hora`) values (1,'1','1','2021-09-05','12:00:00');
insert into `matricula`(`idMatricula`,`idCurso`,`idEstudiante`,`fecha`,`hora`) values (2,'2','2','2021-09-06','12:23:00');
insert into `matricula`(`idMatricula`,`idCurso`,`idEstudiante`,`fecha`,`hora`) values (3,'3','3','2021-09-07','12:50:00');
insert into `matricula`(`idMatricula`,`idCurso`,`idEstudiante`,`fecha`,`hora`) values (4,'4','4','2021-09-10','12:02:00');
insert into `matricula`(`idMatricula`,`idCurso`,`idEstudiante`,`fecha`,`hora`) values (5,'5','5','2021-09-10','12:06:00');
insert into `matricula`(`idMatricula`,`idCurso`,`idEstudiante`,`fecha`,`hora`) values (6,'6','6','2021-09-01','12:15:00');
insert into `matricula`(`idMatricula`,`idCurso`,`idEstudiante`,`fecha`,`hora`) values (7,'7','7','2021-09-17','12:45:00');
insert into `matricula`(`idMatricula`,`idCurso`,`idEstudiante`,`fecha`,`hora`) values (8,'8','8','2021-09-16','12:32:00');
insert into `matricula`(`idMatricula`,`idCurso`,`idEstudiante`,`fecha`,`hora`) values (9,'9','9','2021-09-23','12:56:00');
insert into `matricula`(`idMatricula`,`idCurso`,`idEstudiante`,`fecha`,`hora`) values (10,'10','10','2021-09-05','12:25:00');
insert into `matricula`(`idMatricula`,`idCurso`,`idEstudiante`,`fecha`,`hora`) values (11,'11','11','2021-09-05','12:00:00');
insert into `matricula`(`idMatricula`,`idCurso`,`idEstudiante`,`fecha`,`hora`) values (12,'12','12','2021-09-06','12:23:00');
insert into `matricula`(`idMatricula`,`idCurso`,`idEstudiante`,`fecha`,`hora`) values (13,'13','13','2021-09-07','12:50:00');
insert into `matricula`(`idMatricula`,`idCurso`,`idEstudiante`,`fecha`,`hora`) values (14,'14','14','2021-09-10','12:02:00');
insert into `matricula`(`idMatricula`,`idCurso`,`idEstudiante`,`fecha`,`hora`) values (15,'15','15','2021-09-10','12:06:00');
insert into `matricula`(`idMatricula`,`idCurso`,`idEstudiante`,`fecha`,`hora`) values (16,'16','16','2021-09-01','12:15:00');
insert into `matricula`(`idMatricula`,`idCurso`,`idEstudiante`,`fecha`,`hora`) values (17,'17','17','2021-09-17','12:45:00');
insert into `matricula`(`idMatricula`,`idCurso`,`idEstudiante`,`fecha`,`hora`) values (18,'18','18','2021-09-16','12:32:00');
insert into `matricula`(`idMatricula`,`idCurso`,`idEstudiante`,`fecha`,`hora`) values (19,'19','19','2021-09-23','12:56:00');
insert into `matricula`(`idMatricula`,`idCurso`,`idEstudiante`,`fecha`,`hora`) values (20,'20','20','2021-09-05','12:25:00');
select * from matricula;


insert into `asistencia`(`idAsistencia`, `idEstudiante`, `asistencia`) values (1,'1','Presente');
insert into `asistencia`(`idAsistencia`, `idEstudiante`, `asistencia`) values (2,'2','Presente');
insert into `asistencia`(`idAsistencia`, `idEstudiante`, `asistencia`) values (3,'3','Ausente');
insert into `asistencia`(`idAsistencia`, `idEstudiante`, `asistencia`) values (4,'4','Presente');
insert into `asistencia`(`idAsistencia`, `idEstudiante`, `asistencia`) values (5,'5','Presente');
insert into `asistencia`(`idAsistencia`, `idEstudiante`, `asistencia`) values (6,'6','Ausente');
insert into `asistencia`(`idAsistencia`, `idEstudiante`, `asistencia`) values (7,'7','Presente');
insert into `asistencia`(`idAsistencia`, `idEstudiante`, `asistencia`) values (8,'8','Presente');
insert into `asistencia`(`idAsistencia`, `idEstudiante`, `asistencia`) values (9,'9','Ausente');
insert into `asistencia`(`idAsistencia`, `idEstudiante`, `asistencia`) values (10,'10','Presente');
insert into `asistencia`(`idAsistencia`, `idEstudiante`, `asistencia`) values (11,'11','Presente');
insert into `asistencia`(`idAsistencia`, `idEstudiante`, `asistencia`) values (12,'12','Presente');
insert into `asistencia`(`idAsistencia`, `idEstudiante`, `asistencia`) values (13,'13','Ausente');
insert into `asistencia`(`idAsistencia`, `idEstudiante`, `asistencia`) values (14,'14','Presente');
insert into `asistencia`(`idAsistencia`, `idEstudiante`, `asistencia`) values (15,'15','Presente');
insert into `asistencia`(`idAsistencia`, `idEstudiante`, `asistencia`) values (16,'16','Ausente');
insert into `asistencia`(`idAsistencia`, `idEstudiante`, `asistencia`) values (17,'17','Presente');
insert into `asistencia`(`idAsistencia`, `idEstudiante`, `asistencia`) values (18,'18','Presente');
insert into `asistencia`(`idAsistencia`, `idEstudiante`, `asistencia`) values (19,'19','Ausente');
insert into `asistencia`(`idAsistencia`, `idEstudiante`, `asistencia`) values (20,'20','Presente');
select * from asistencia;


insert into `tutores`(`idTutores`,`apellido`, `nombre`, `parentesco`, `telefono`) values (1,'Gonzales', 'Marta', 'Madre', '6543-3456');
insert into `tutores`(`idTutores`,`apellido`, `nombre`, `parentesco`, `telefono`) values (2,'Perez', 'Carlos', 'Padre', '6539-2352');
insert into `tutores`(`idTutores`,`apellido`, `nombre`, `parentesco`, `telefono`) values (3,'Ruiz', 'Luis', 'Padre', '6943-2365');
insert into `tutores`(`idTutores`,`apellido`, `nombre`, `parentesco`, `telefono`) values (4,'Castillo', 'Maria', 'Madre', '6532-1257');
insert into `tutores`(`idTutores`,`apellido`, `nombre`, `parentesco`, `telefono`) values (5,'Ernandes', 'Martin', 'Padre', '6438-2456');
insert into `tutores`(`idTutores`,`apellido`, `nombre`, `parentesco`, `telefono`) values (6,'Chen', 'Roberta', 'Madre', '6422-5643');
insert into `tutores`(`idTutores`,`apellido`, `nombre`, `parentesco`, `telefono`) values (7,'Castillo', 'Carlos', 'Padre', '6643-1243');
insert into `tutores`(`idTutores`,`apellido`, `nombre`, `parentesco`, `telefono`) values (8,'Escobar', 'Ernesto', 'Padre', '6421-3473');
insert into `tutores`(`idTutores`,`apellido`, `nombre`, `parentesco`, `telefono`) values (9,'Perez', 'Maria', 'Madre', '6838-2346');
insert into `tutores`(`idTutores`,`apellido`, `nombre`, `parentesco`, `telefono`) values (10,'Fernandez', 'Diego', 'Padre', '6930-2365');
insert into `tutores`(`idTutores`,`apellido`, `nombre`, `parentesco`, `telefono`) values (11,'Gonzales', 'Liz', 'Madre', '6543-3456');
insert into `tutores`(`idTutores`,`apellido`, `nombre`, `parentesco`, `telefono`) values (12,'Perez', 'Francisco', 'Padre', '6539-2352');
insert into `tutores`(`idTutores`,`apellido`, `nombre`, `parentesco`, `telefono`) values (13,'Ruiz', 'Diego', 'Padre', '6943-2365');
insert into `tutores`(`idTutores`,`apellido`, `nombre`, `parentesco`, `telefono`) values (14,'Castillo', 'Maria', 'Madre', '6532-1257');
insert into `tutores`(`idTutores`,`apellido`, `nombre`, `parentesco`, `telefono`) values (15,'Ernandes', 'Juan', 'Padre', '6438-2456');
insert into `tutores`(`idTutores`,`apellido`, `nombre`, `parentesco`, `telefono`) values (16,'Chen', 'Rosa', 'Madre', '6422-5643');
insert into `tutores`(`idTutores`,`apellido`, `nombre`, `parentesco`, `telefono`) values (17,'Castillo', 'Jesus', 'Padre', '6643-1243');
insert into `tutores`(`idTutores`,`apellido`, `nombre`, `parentesco`, `telefono`) values (18,'Escobar', 'Ernesto', 'Padre', '6421-3473');
insert into `tutores`(`idTutores`,`apellido`, `nombre`, `parentesco`, `telefono`) values (19,'Perez', 'Marta', 'Madre', '6838-2346');
insert into `tutores`(`idTutores`,`apellido`, `nombre`, `parentesco`, `telefono`) values (20,'Fernandez', 'Carlos', 'Padre', '6930-2365');
select * from tutores;


insert into `trabajos`(`idTrabajos`, `idEstudiante`, `Tipo`, `Estatus`, `Calificación`) values (1,'1','Tarea',' Entregado','5');
insert into `trabajos`(`idTrabajos`, `idEstudiante`, `Tipo`, `Estatus`, `Calificación`) values (2,'2','Tarea',' Entregado','4');
insert into `trabajos`(`idTrabajos`, `idEstudiante`, `Tipo`, `Estatus`, `Calificación`) values (3,'3','Tarea','No entregado','0');
insert into `trabajos`(`idTrabajos`, `idEstudiante`, `Tipo`, `Estatus`, `Calificación`) values (4,'4','Tarea',' Entregado','3');
insert into `trabajos`(`idTrabajos`, `idEstudiante`, `Tipo`, `Estatus`, `Calificación`) values (5,'5','Tarea',' Entregado','4');
insert into `trabajos`(`idTrabajos`, `idEstudiante`, `Tipo`, `Estatus`, `Calificación`) values (6,'6','Tarea','No entregado','0');
insert into `trabajos`(`idTrabajos`, `idEstudiante`, `Tipo`, `Estatus`, `Calificación`) values (7,'7','Tarea','No entregado','0');
insert into `trabajos`(`idTrabajos`, `idEstudiante`, `Tipo`, `Estatus`, `Calificación`) values (8,'8','Tarea',' Entregado','3');
insert into `trabajos`(`idTrabajos`, `idEstudiante`, `Tipo`, `Estatus`, `Calificación`) values (9,'9','Tarea','No entregado','0');
insert into `trabajos`(`idTrabajos`, `idEstudiante`, `Tipo`, `Estatus`, `Calificación`) values (10,'10','Tarea',' Entregado','5');
insert into `trabajos`(`idTrabajos`, `idEstudiante`, `Tipo`, `Estatus`, `Calificación`) values (11,'11','Tarea',' Entregado','5');
insert into `trabajos`(`idTrabajos`, `idEstudiante`, `Tipo`, `Estatus`, `Calificación`) values (12,'12','Tarea',' Entregado','4');
insert into `trabajos`(`idTrabajos`, `idEstudiante`, `Tipo`, `Estatus`, `Calificación`) values (13,'13','Tarea','No entregado','0');
insert into `trabajos`(`idTrabajos`, `idEstudiante`, `Tipo`, `Estatus`, `Calificación`) values (14,'14','Tarea',' Entregado','3');
insert into `trabajos`(`idTrabajos`, `idEstudiante`, `Tipo`, `Estatus`, `Calificación`) values (15,'15','Tarea',' Entregado','4');
insert into `trabajos`(`idTrabajos`, `idEstudiante`, `Tipo`, `Estatus`, `Calificación`) values (16,'16','Tarea','No entregado','0');
insert into `trabajos`(`idTrabajos`, `idEstudiante`, `Tipo`, `Estatus`, `Calificación`) values (17,'17','Tarea','No entregado','0');
insert into `trabajos`(`idTrabajos`, `idEstudiante`, `Tipo`, `Estatus`, `Calificación`) values (18,'18','Tarea',' Entregado','3');
insert into `trabajos`(`idTrabajos`, `idEstudiante`, `Tipo`, `Estatus`, `Calificación`) values (19,'19','Tarea','No entregado','0');
insert into `trabajos`(`idTrabajos`, `idEstudiante`, `Tipo`, `Estatus`, `Calificación`) values (20,'20','Tarea',' Entregado','5');
select * from trabajos;


insert into `usuarios`(`idUsuarios`, `idProfesor`, `Contraseña`, `Tipo`) values (1,'1','*********','Profesor');
insert into `usuarios`(`idUsuarios`, `idProfesor`, `Contraseña`, `Tipo`) values (2,'2','*********','Profesor');
insert into `usuarios`(`idUsuarios`, `idProfesor`, `Contraseña`, `Tipo`) values (3,'3','*********','Profesor');
insert into `usuarios`(`idUsuarios`, `idProfesor`, `Contraseña`, `Tipo`) values (4,'4','*********','Profesor');
insert into `usuarios`(`idUsuarios`, `idProfesor`, `Contraseña`, `Tipo`) values (5,'5','*********','Profesor');
insert into `usuarios`(`idUsuarios`, `idProfesor`, `Contraseña`, `Tipo`) values (6,'6','*********','Profesor');
insert into `usuarios`(`idUsuarios`, `idProfesor`, `Contraseña`, `Tipo`) values (7,'7','*********','Profesor');
insert into `usuarios`(`idUsuarios`, `idProfesor`, `Contraseña`, `Tipo`) values (8,'8','*********','Profesor');
insert into `usuarios`(`idUsuarios`, `idProfesor`, `Contraseña`, `Tipo`) values (9,'9','*********','Profesor');
insert into `usuarios`(`idUsuarios`, `idProfesor`, `Contraseña`, `Tipo`) values (10,'10','*********','Profesor');
insert into `usuarios`(`idUsuarios`, `idProfesor`, `Contraseña`, `Tipo`) values (11,'11','*********','Profesor');
insert into `usuarios`(`idUsuarios`, `idProfesor`, `Contraseña`, `Tipo`) values (12,'12','*********','Profesor');
insert into `usuarios`(`idUsuarios`, `idProfesor`, `Contraseña`, `Tipo`) values (13,'13','*********','Profesor');
insert into `usuarios`(`idUsuarios`, `idProfesor`, `Contraseña`, `Tipo`) values (14,'14','*********','Profesor');
insert into `usuarios`(`idUsuarios`, `idProfesor`, `Contraseña`, `Tipo`) values (15,'15','*********','Profesor');
insert into `usuarios`(`idUsuarios`, `idProfesor`, `Contraseña`, `Tipo`) values (16,'16','*********','Profesor');
insert into `usuarios`(`idUsuarios`, `idProfesor`, `Contraseña`, `Tipo`) values (17,'17','*********','Profesor');
insert into `usuarios`(`idUsuarios`, `idProfesor`, `Contraseña`, `Tipo`) values (18,'18','*********','Profesor');
insert into `usuarios`(`idUsuarios`, `idProfesor`, `Contraseña`, `Tipo`) values (19,'19','*********','Profesor');
insert into `usuarios`(`idUsuarios`, `idProfesor`, `Contraseña`, `Tipo`) values (20,'20','*********','Profesor');
select * from usuarios;


insert into `pagos`(`idPagos`, `fecha`, `idProfesor`, `hora`,`salario`) values (1,'2022-05-15','1','01:00:00','$2000');
insert into `pagos`(`idPagos`, `fecha`, `idProfesor`, `hora`,`salario`) values (2,'2022-05-15','2','01:00:00','$2000');
insert into `pagos`(`idPagos`, `fecha`, `idProfesor`, `hora`,`salario`) values (3,'2022-05-15','3','01:00:00','$2000');
insert into `pagos`(`idPagos`, `fecha`, `idProfesor`, `hora`,`salario`) values (4,'2022-05-15','4','01:00:00','$2000');
insert into `pagos`(`idPagos`, `fecha`, `idProfesor`, `hora`,`salario`) values (5,'2022-05-15','5','01:00:00','$2000');
insert into `pagos`(`idPagos`, `fecha`, `idProfesor`, `hora`,`salario`) values (6,'2022-05-15','6','01:00:00','$2000');
insert into `pagos`(`idPagos`, `fecha`, `idProfesor`, `hora`,`salario`) values (7,'2022-05-15','7','01:00:00','$2000');
insert into `pagos`(`idPagos`, `fecha`, `idProfesor`, `hora`,`salario`) values (8,'2022-05-15','8','01:00:00','$2000');
insert into `pagos`(`idPagos`, `fecha`, `idProfesor`, `hora`,`salario`) values (9,'2022-05-15','9','01:00:00','$2000');
insert into `pagos`(`idPagos`, `fecha`, `idProfesor`, `hora`,`salario`) values (10,'2022-05-15','10','01:00:00','$2000');
insert into `pagos`(`idPagos`, `fecha`, `idProfesor`, `hora`,`salario`) values (11,'2022-05-15','11','01:00:00','$2000');
insert into `pagos`(`idPagos`, `fecha`, `idProfesor`, `hora`,`salario`) values (12,'2022-05-15','12','01:00:00','$2000');
insert into `pagos`(`idPagos`, `fecha`, `idProfesor`, `hora`,`salario`) values (13,'2022-05-15','13','01:00:00','$2000');
insert into `pagos`(`idPagos`, `fecha`, `idProfesor`, `hora`,`salario`) values (14,'2022-05-15','14','01:00:00','$2000');
insert into `pagos`(`idPagos`, `fecha`, `idProfesor`, `hora`,`salario`) values (15,'2022-05-15','15','01:00:00','$2000');
insert into `pagos`(`idPagos`, `fecha`, `idProfesor`, `hora`,`salario`) values (16,'2022-05-15','16','01:00:00','$2000');
insert into `pagos`(`idPagos`, `fecha`, `idProfesor`, `hora`,`salario`) values (17,'2022-05-15','17','01:00:00','$2000');
insert into `pagos`(`idPagos`, `fecha`, `idProfesor`, `hora`,`salario`) values (18,'2022-05-15','18','01:00:00','$2000');
insert into `pagos`(`idPagos`, `fecha`, `idProfesor`, `hora`,`salario`) values (19,'2022-05-15','19','01:00:00','$2000');
insert into `pagos`(`idPagos`, `fecha`, `idProfesor`, `hora`,`salario`) values (20,'2022-05-15','20','01:00:00','$2000');
select * from pagos;


-- -----------------------------------------------------
-- Vistas
-- -----------------------------------------------------

create view infopagos as
select  idPagos, fecha, apellido, nombre, hora, salario FROM pagos inner join profesor on pagos.idProfesor=profesor.idProfesor;

create view infousua as
select  idUsuarios, apellido, nombre, Contraseña, tipo FROM usuarios inner join profesor on usuarios.idProfesor=profesor.idProfesor;

create view infotraba as
select  idTrabajos, apellido, nombre, tipo, Estatus, Calificación FROM trabajos inner join estudiante on trabajos.idEstudiante=estudiante.idEstudiante;

create view infoestu as
select  idEstudiante, apellido, nombre, edad, genero, fechaNacimiento FROM  estudiante inner join genero on estudiante.idGenero=genero.idGenero;

create view infocurso as
select  idCurso, seccion, apellido, nombre, jornada, numero, fechaInicio, fechaFin FROM curso inner join profesor on curso.idProfesor=profesor.idProfesor inner join jornada on curso.IdJornada=jornada.IdJornada inner join aula on curso.idAula=aula.idAula;

create view infomatric as
select  idMatricula, apellido, nombre,fechaNacimiento, edad, fecha, hora FROM matricula inner join curso on matricula.idCurso=curso.idCurso inner join estudiante on matricula.idEstudiante=estudiante.idEstudiante;

create view infoasist as
select  idAsistencia, apellido, nombre, asistencia FROM asistencia inner join estudiante on asistencia.idEstudiante=estudiante.idEstudiante;